id,source,AG98_wtpct,AG22_wtpct,AG23_wtpct,SodaF_wtpct,PotashF_wtpct,Crushing_wtpct,ETP_wtpct,NaSil_wtpct,MOR_MPa,WA_pct,Shrinkage_pct,press_bar,dryer_time_min,kiln_time_min,kiln_temp_C,calorific_NG_Kcal_Nm3,dryer_temp_C,gas_Nm3_per_m2,green_length_mm,green_width_mm,green_thickness_mm,green_weight_g,fired_length_mm,fired_weight_g,cost_Tk_per_kg,CO2_kg_per_kg
1,synthetic,18.869780242779818,3.1583176596280786,14.292989599556911,37.32174598399738,19.88157620341555,2.1412660218314743,3.0731845868004317,1.261139701990353,65.70503534660217,0.5560078271047006,12.01085260787392,100,45,90,1210,8300,180.0,1.4115,109.2,54.6,9.8,98.5,98.0,95.05,7.432048977868082,0.09778793220105607
2,synthetic,18.93032152638477,2.692170449013319,12.251929689477835,41.10883143686354,17.59558616962807,3.390147483272903,2.7082516320887313,1.32276161327083,61.762202313194535,0.6285983243790275,11.177650466297633,100,45,90,1210,8300,180.0,1.4115,109.2,54.6,9.8,98.5,98.0,95.05,7.462166098100891,0.1026997147156706
3,synthetic,16.77262984064934,3.956047036592355,14.465605606610989,39.00787810496605,20.448684479516334,2.2919580617779514,2.5133931040997375,0.5438037657872288,55.585408798791605,1.2147036429585085,10.804393657682315,100,45,90,1210,8300,180.0,1.4115,109.2,54.6,9.8,98.5,98.0,95.05,7.38279707627803,0.09381399900136028
4,synthetic,15.77144746033774,3.5245734298636817,13.723810779539086,39.34180067809862,21.77256812703947,2.488738037207228,2.4075056766383556,0.9695558112758079,47.72296712203908,1.1560154487535224,10.18,100,45,90,1210,8300,180.0,1.4115,109.2,54.6,9.8,98.5,98.0,95.05,7.43679016433609,0.09430692437638633
5,synthetic,18.501325510011245,2.9685499620730615,14.161299006976005,37.65460103161857,20.63335050247761,2.5812175685452616,2.3171609143232685,1.1824955039749754,65.36637728360111,0.7161868015706465,11.027970097463005,100,45,90,1210,8300,180.0,1.4115,109.2,54.6,9.8,98.5,98.0,95.05,7.439428569884774,0.09770177394068887
6,synthetic,18.824994287080127,3.452077480000886,12.76789700328998,40.6140389500601,18.914450125217893,2.455925147093918,2.0338996180247335,0.9367173892323624,53.681265755371186,0.8969526446028122,10.767645273688654,100,45,90,1210,8300,180.0,1.4115,109.2,54.6,9.8,98.5,98.0,95.05,7.502815034035631,0.09553728707756004
7,synthetic,18.309582573634476,3.3355482285119176,13.919491045532068,38.61320773482938,19.650194782291713,2.6095802921601057,2.895422423132638,0.6669729199077039,61.535716295477734,0.9781827125963651,11.318807460369683,100,45,90,1210,8300,180.0,1.4115,109.2,54.6,9.8,98.5,98.0,95.05,7.34319575604256,0.09717646931286138
8,synthetic,15.590029510602577,3.942846496824272,14.542903453538035,39.2826207411223,19.897949936675246,2.398804942189279,3.0660940150824967,1.2787509039657947,56.57756197070682,0.8028607570628203,11.344265202746124,100,45,90,1210,8300,180.0,1.4115,109.2,54.6,9.8,98.5,98.0,95.05,7.46672570090679,0.09750628212065125
9,synthetic,16.52978312075326,3.3688293534128437,10.883863914696159,41.35994203641716,20.996299988646626,3.137779294752815,2.7914092515460305,0.9320930397751037,42.13489852217838,1.1595036308892672,10.226935987718216,100,45,90,1210,8300,180.0,1.4115,109.2,54.6,9.8,98.5,98.0,95.05,7.399131498674138,0.09684504332885296
10,synthetic,16.734349022674184,3.3863732372221254,10.114019355148487,41.88814998695299,21.709914492690118,2.7234551554143502,2.8610087499753147,0.5827299999224386,41.854782199999995,1.3207119377052154,10.18,100,45,90,1210,8300,180.0,1.4115,109.2,54.6,9.8,98.5,98.0,95.05,7.370579243048154,0.09284611555828891
11,synthetic,17.433291654190803,3.2360604915317817,14.689132274874915,39.80394288444091,19.00209636663253,2.7102341015854305,2.293673229401083,0.8315689973425522,59.61631182209502,0.8693343702943461,10.784557082550972,100,45,90,1210,8300,180.0,1.4115,109.2,54.6,9.8,98.5,98.0,95.05,7.431863281465467,0.0972035913421317
12,synthetic,17.60336201235769,3.15836719045757,10.108060399401651,41.793615629225414,20.784043469360505,3.34424115775965,2.1542739978984717,1.0540361435390495,41.854782199999995,1.0455399570292891,10.18,100,45,90,1210,8300,180.0,1.4115,109.2,54.6,9.8,98.5,98.0,95.05,7.455427636429823,0.09732489647507392
13,synthetic,19.58005922568804,2.8453209863423212,10.187062780880899,41.726186106044736,18.883967285740383,2.5563834257936584,2.9127687174456547,1.3082514720643017,51.79874612278262,0.9352242735901717,11.173415657755811,100,45,90,1210,8300,180.0,1.4115,109.2,54.6,9.8,98.5,98.0,95.05,7.5069866165252055,0.09730534462044668
14,synthetic,15.224553096961644,3.152645590004557,14.961877820279184,37.92295222012056,21.241740863784397,3.1229120291854238,2.979871739966377,1.393446639697863,54.78756674362848,0.5666708536052156,10.632027817782472,100,45,90,1210,8300,180.0,1.4115,109.2,54.6,9.8,98.5,98.0,95.05,7.394449530560518,0.10075811842998161
15,synthetic,17.594291801932243,2.9738935777461895,13.86006216055494,40.02893407806504,19.63162884217433,2.560486593310565,2.103913334867667,1.246789611349026,54.16586669685417,0.8346487281296123,10.539807595823326,100,45,90,1210,8300,180.0,1.4115,109.2,54.6,9.8,98.5,98.0,95.05,7.51919253068292,0.09676254582739142
16,synthetic,17.996913957604217,3.8118430612561967,10.982173328572866,42.800946430034884,17.172265710300664,3.1661072573617663,3.0690090686670644,1.0007411862023423,47.87264428282007,0.8007503430558846,11.23258546939721,100,45,90,1210,8300,180.0,1.4115,109.2,54.6,9.8,98.5,98.0,95.05,7.450529058900286,0.10024133063239742
17,synthetic,18.471312178214433,3.3716749138313533,10.998878258300287,40.01221211608998,20.62887168327584,3.0731106944237023,2.812882404307096,0.6310577515573133,49.97774063408137,1.1176556597033074,10.524876302959791,100,45,90,1210,8300,180.0,1.4115,109.2,54.6,9.8,98.5,98.0,95.05,7.32933165400819,0.09705115128382448
18,synthetic,17.095571596581518,3.9493478682147725,12.980212766171864,37.4382806334479,21.53116255120148,3.206541373419456,2.5141197617108206,1.2847634492521873,55.024336444981444,0.7378064197100391,10.776985898579307,100,45,90,1210,8300,180.0,1.4115,109.2,54.6,9.8,98.5,98.0,95.05,7.401569012398646,0.1003622152238943
19,synthetic,15.089183919884938,2.6637159951486025,14.147143074413682,41.483413908968025,20.577719618276134,2.3489611129496506,2.5838465496589587,1.1060158207000108,47.5868791607816,0.9836290501484731,10.18,100,45,90,1210,8300,180.0,1.4115,109.2,54.6,9.8,98.5,98.0,95.05,7.494697953378745,0.09385285152578712
20,synthetic,19.338694768880057,3.4046607360080885,12.062857846368402,40.851060455442614,17.61928830385028,2.638823129560265,2.7171241281379714,1.3674906317523248,56.42204775637537,0.7050833512718222,11.824575378201368,100,45,90,1210,8300,180.0,1.4115,109.2,54.6,9.8,98.5,98.0,95.05,7.525926936622639,0.09957676031550693
21,synthetic,17.269484410381498,2.871759344427037,11.183311814987906,42.54612657856886,20.222099961704124,3.2248531451358655,2.1158058878395374,0.5665588569551782,41.854782199999995,1.3574000000000002,10.18,100,45,90,1210,8300,180.0,1.4115,109.2,54.6,9.8,98.5,98.0,95.05,7.401645912464033,0.09524498242186143
22,synthetic,17.97216831878226,2.7192598662890473,14.123320952281706,42.11850100325028,17.17234271746852,2.215807899456714,3.0130675197361954,0.6655317227352782,58.763439994797004,0.9532363120944457,11.482194388283125,100,45,90,1210,8300,180.0,1.4115,109.2,54.6,9.8,98.5,98.0,95.05,7.439015014094097,0.0953252900631203
23,synthetic,17.955719080554857,3.52107179019926,11.96815228416014,42.25869274760778,17.225937678664344,2.7567893555333454,2.9625054364580694,1.351131626822206,54.37325554838626,0.7388870835181864,11.669631621179686,100,45,90,1210,8300,180.0,1.4115,109.2,54.6,9.8,98.5,98.0,95.05,7.529625946255076,0.09966971861951893
24,synthetic,16.86807069229786,3.285629423076456,10.50835951451858,42.80934849638978,20.834209876519918,2.0779427996976563,3.0173260559198685,0.5991131415798755,41.854782199999995,1.3574000000000002,10.275644470296744,100,45,90,1210,8300,180.0,1.4115,109.2,54.6,9.8,98.5,98.0,95.05,7.430181857449555,0.0902952088429253
25,synthetic,15.672761042065735,3.304102053921456,12.571114350952072,41.19165677886506,21.003005008857905,2.694199048390274,2.4235984457103887,1.13956327123711,41.93712384597452,1.102439451197087,10.18,100,45,90,1210,8300,180.0,1.4115,109.2,54.6,9.8,98.5,98.0,95.05,7.486609927743628,0.09514969404901025
26,synthetic,16.637477822062728,3.0691961195903934,13.428716727279728,42.37429386920308,17.078135321998996,3.423286890073011,3.0079828214919955,0.9809104283000786,55.48532114975824,0.9185740715480284,10.9536331447572,100,45,90,1210,8300,180.0,1.4115,109.2,54.6,9.8,98.5,98.0,95.05,7.417308366358683,0.10170873104297126
27,synthetic,16.641806025023445,3.303152184745005,14.242802443868122,39.318628087582155,19.568111383920716,3.2065877419206164,2.585994503672314,1.1329176292676206,54.408999884169866,0.7361129742762941,10.881800044526088,100,45,90,1210,8300,180.0,1.4115,109.2,54.6,9.8,98.5,98.0,95.05,7.413737630657051,0.10052387406410085
28,synthetic,16.44077807091231,3.602339743465436,11.012022965628592,42.53050085420172,19.863586901729487,3.291078602488841,2.1453131210316982,1.1143797405419198,41.854782199999995,1.0746535616344617,10.18,100,45,90,1210,8300,180.0,1.4115,109.2,54.6,9.8,98.5,98.0,95.05,7.4974258765793005,0.09761883633888245
29,synthetic,15.475478741149672,3.5885734424071405,10.4224660941176,42.40013862177941,21.551578758904384,2.2061118950567034,3.054768270499989,1.3008841760850967,41.854782199999995,1.2713089778090045,10.227492516818426,100,45,90,1210,8300,180.0,1.4115,109.2,54.6,9.8,98.5,98.0,95.05,7.525121360860285,0.09264867809383102
30,synthetic,17.96841002233177,3.67393615694432,13.97557419491543,37.135682472869846,21.62218943972131,2.380075030758781,2.64908348489414,0.5950491975644012,61.28874896320504,1.0479248228073923,11.11879577590162,100,45,90,1210,8300,180.0,1.4115,109.2,54.6,9.8,98.5,98.0,95.05,7.326703275614933,0.09477136066254009
31,synthetic,18.080828500120607,2.7569369561391834,12.824753057362209,40.79267181559819,19.00701359823695,2.698977729471841,2.574894953064435,1.263923390006588,55.61539091129258,0.7742523994753596,11.138905258139781,100,45,90,1210,8300,180.0,1.4115,109.2,54.6,9.8,98.5,98.0,95.05,7.495022578665173,0.09802780417107936
32,synthetic,18.996223582560333,3.2382298233631435,12.997967207613062,38.35280241948018,21.51865364983071,2.1796003827516843,2.1288139224901217,0.5877090119107684,54.42400581612705,1.1909201629014539,10.612433896593554,100,45,90,1210,8300,180.0,1.4115,109.2,54.6,9.8,98.5,98.0,95.05,7.392989036164746,0.09242190677839032
33,synthetic,18.28931642520264,3.127912451185569,13.871607080709216,38.26135216308173,19.69861989316015,2.5004566374923574,2.988203202097689,1.2625321470706523,64.26763603358943,0.703297544242773,11.82438289101451,100,45,90,1210,8300,180.0,1.4115,109.2,54.6,9.8,98.5,98.0,95.05,7.43197381677897,0.09881081672850528
34,synthetic,16.91659911388705,3.594528563016067,12.7649653262645,38.59680885408124,21.552979907869236,3.1704522408640883,2.5273065205369942,0.8763594734808262,51.13972157070053,0.8700380883395612,10.27259800694756,100,45,90,1210,8300,180.0,1.4115,109.2,54.6,9.8,98.5,98.0,95.05,7.353193167926467,0.09806789387414358
35,synthetic,19.93315772462161,3.576640354005465,14.755973300019207,39.306375111322815,15.829350040519289,3.275800518786174,2.700781272390328,0.6219216783351126,74.249089145,0.6895153638119783,11.650627936739333,100,45,90,1210,8300,180.0,1.4115,109.2,54.6,9.8,98.5,98.0,95.05,7.347582993267008,0.10318017859069381
36,synthetic,17.211570635339466,2.9528910871637373,14.592209477577772,38.13244978747518,20.46905824802061,2.165882616494166,3.0967381236213303,1.3792000243077451,67.81750761288922,0.7656946701975136,11.607643856919818,100,45,90,1210,8300,180.0,1.4115,109.2,54.6,9.8,98.5,98.0,95.05,7.456927928409122,0.09708022821763712
37,synthetic,16.419542189320197,3.7553448694914073,10.532097659356914,40.99517682025319,21.99373311331967,2.9985271041598054,2.7151375171146768,0.5904407269841327,41.854782199999995,1.3574000000000002,10.18,100,45,90,1210,8300,180.0,1.4115,109.2,54.6,9.8,98.5,98.0,95.05,7.349105428434519,0.09435825691225788
38,synthetic,15.917666144401595,3.9700407693312885,12.29280321229245,41.1015260028036,20.488566638389855,2.954612513161665,2.629654464954501,0.6451302546650497,43.4217626476254,1.18314526939877,10.18,100,45,90,1210,8300,180.0,1.4115,109.2,54.6,9.8,98.5,98.0,95.05,7.384161256044104,0.09565715016278663
39,synthetic,19.730122267790478,2.952013948772077,12.890086079037712,37.87240351882318,19.898431612123463,2.973849732867963,3.0346538506650704,0.648438989920058,63.47284115527748,0.8561196071462192,11.503165829993137,100,45,90,1210,8300,180.0,1.4115,109.2,54.6,9.8,98.5,98.0,95.05,7.28284203650013,0.0992595931442662
40,synthetic,17.13951606840675,3.4164813205549427,13.173145587091316,42.44730845592929,17.88267627609899,2.6131746641430458,2.239391379366658,1.0883062484090082,49.027481329899956,0.8164174992096331,10.816485329445976,100,45,90,1210,8300,180.0,1.4115,109.2,54.6,9.8,98.5,98.0,95.05,7.545114015382488,0.09659314180791322
41,synthetic,18.51001090555186,3.471922723301815,13.262165282605158,40.825776675654396,17.213499062768303,3.181148332978931,2.604058821959647,0.9314181951798901,60.330755447378046,0.7916483335036699,11.340730386094505,100,45,90,1210,8300,180.0,1.4115,109.2,54.6,9.8,98.5,98.0,95.05,7.428724547030767,0.10103381381468805
42,synthetic,18.130062404705285,3.0409860016753814,12.56369622303379,38.76191537891663,20.15693981937554,3.3296043300855613,3.0131629170247107,1.003632925183099,57.3276774867001,0.8420302030508127,10.969251438051174,100,45,90,1210,8300,180.0,1.4115,109.2,54.6,9.8,98.5,98.0,95.05,7.334348900310727,0.10100888275395674
43,synthetic,17.601375573702846,3.6998056161457544,11.572253458721006,40.82417480139704,20.86167653641548,2.7412124697761353,2.1274423967687954,0.5720591470729437,41.854782199999995,1.2026457614682238,10.186306893784938,100,45,90,1210,8300,180.0,1.4115,109.2,54.6,9.8,98.5,98.0,95.05,7.409510564701633,0.09372632673540231
44,synthetic,16.824596805391263,3.9376437713514587,14.977322362918185,37.42742263640912,20.4047342394821,2.4664422648811493,2.7564315540827016,1.2054063654840128,60.91204395302826,0.7665869506361854,11.318926478724556,100,45,90,1210,8300,180.0,1.4115,109.2,54.6,9.8,98.5,98.0,95.05,7.432223311541899,0.09814431420022954
45,synthetic,15.42057667278441,2.8655011810835704,14.217941923812706,41.05900914384267,19.463120903349214,2.9737235752014115,2.7372235808864906,1.2629030190395292,51.47524228629027,0.8014145481624866,10.268155777668897,100,45,90,1210,8300,180.0,1.4115,109.2,54.6,9.8,98.5,98.0,95.05,7.4689760930544855,0.09880612146242132
46,synthetic,19.260077584405845,3.2571872243552473,14.54776121935675,37.17622810619056,19.109867583758863,3.2754114482505825,2.3746498751506766,0.9988169585314852,70.42193814171478,0.6539502355971752,10.997273892452323,100,45,90,1210,8300,180.0,1.4115,109.2,54.6,9.8,98.5,98.0,95.05,7.3629484735811275,0.10228090193104493
47,synthetic,17.65705520502289,2.657469573844106,11.992762533507703,40.29098774292619,21.421363707861733,2.9462483605471137,2.195257240680664,0.838855635609605,47.65562814028178,1.2078752381004239,10.18,100,45,90,1210,8300,180.0,1.4115,109.2,54.6,9.8,98.5,98.0,95.05,7.4055667436405335,0.09539637945821106
48,synthetic,16.39011053300407,3.554550198548339,13.168848865346314,38.29662318164195,21.872641632797748,2.930536564487066,2.525256460990506,1.2614325631840075,52.581766091556496,0.8658287467063172,10.582537007920513,100,45,90,1210,8300,180.0,1.4115,109.2,54.6,9.8,98.5,98.0,95.05,7.424885120110102,0.09804458644097257
49,synthetic,17.200443497636844,3.329655703616913,13.270512047411785,37.38301124477342,21.788705816938986,3.476867122147437,2.3170510700366957,1.2337534974379163,58.95295468675695,0.8533939672434424,10.196202441403718,100,45,90,1210,8300,180.0,1.4115,109.2,54.6,9.8,98.5,98.0,95.05,7.376620965863143,0.10100598057455346
50,synthetic,17.324867280968267,3.9668754686107603,12.0578800109703,40.05430560892585,20.55577505391981,2.1272289084677483,2.6110078811515405,1.3020597869857242,50.55374555807534,0.9528560427467933,10.898513084436386,100,45,90,1210,8300,180.0,1.4115,109.2,54.6,9.8,98.5,98.0,95.05,7.529841656921638,0.09457213864200098
51,synthetic,18.566290981558492,3.6605810241274392,14.327282740278314,37.280122355293344,20.176020279335567,3.201307388159948,2.0538600808056073,0.7345351504412986,63.09187417951573,1.0245146031631702,10.783042540747461,100,45,90,1210,8300,180.0,1.4115,109.2,54.6,9.8,98.5,98.0,95.05,7.34701961326981,0.09962621923594861
52,synthetic,19.478174406918484,3.507419213283788,11.188291816802987,38.596976731079714,20.96946790742339,2.5220471351142715,2.9386791382584656,0.7989436511189055,56.743369492653535,1.0000810228898087,11.2282765159229,100,45,90,1210,8300,180.0,1.4115,109.2,54.6,9.8,98.5,98.0,95.05,7.358692682668254,0.09591342390978325
53,synthetic,17.951601254415746,3.0954101016217512,11.374125253775336,41.15635024316985,21.205902935203085,2.281390522909237,2.0932927503593395,0.8419269385456604,43.782286249329424,1.157747881555585,10.18,100,45,90,1210,8300,180.0,1.4115,109.2,54.6,9.8,98.5,98.0,95.05,7.483415825078079,0.09180409456425619
54,synthetic,18.588195738207837,3.7111474089644227,14.993716850333824,39.795117341263214,17.074534399078154,2.611912926696923,2.150503405832589,1.0748719296230336,68.7616093008991,0.8110435326562339,11.430004621350617,100,45,90,1210,8300,180.0,1.4115,109.2,54.6,9.8,98.5,98.0,95.05,7.509061904701351,0.09927311900288224
55,synthetic,19.987900186314587,3.551321515180988,12.976064202066858,39.184207136500234,17.746583650452557,3.372948140428332,2.5466082557433847,0.6343669133130615,64.49926675089604,0.8054742534762007,11.376923105451409,100,45,90,1210,8300,180.0,1.4115,109.2,54.6,9.8,98.5,98.0,95.05,7.335953401140338,0.10165667781982896
56,synthetic,17.101908857526386,3.938813909266864,13.759815607874577,40.26486025851882,18.785996458614658,2.4268113126677378,2.9866964786502948,0.7350971168806595,56.25987227610835,1.0022767416552147,11.451675905095684,100,45,90,1210,8300,180.0,1.4115,109.2,54.6,9.8,98.5,98.0,95.05,7.407307853501381,0.09626202382728685
57,synthetic,16.626713652583383,3.8635972216344228,12.64771027642536,40.26146959076008,20.196225645925836,2.886117191245649,2.718783129910445,0.7993832915148256,50.03887609586812,1.0303274387597978,10.666952936417278,100,45,90,1210,8300,180.0,1.4115,109.2,54.6,9.8,98.5,98.0,95.05,7.392605982608643,0.09684503944142174
58,synthetic,16.206860308133315,2.983738520752998,10.777207820417113,42.577509634788555,21.120200557035652,2.424870399875171,2.6176383338558233,1.291974425141374,41.854782199999995,1.3093993691863866,10.18,100,45,90,1210,8300,180.0,1.4115,109.2,54.6,9.8,98.5,98.0,95.05,7.53700328432793,0.09342785131941203
59,synthetic,18.937949181146696,2.7777690174303515,12.81085366868786,42.71716940638058,15.713259101201814,2.9793831898459975,3.0508843710065925,1.0127320643001112,61.45342904515079,0.617480987964013,11.60482032565389,100,45,90,1210,8300,180.0,1.4115,109.2,54.6,9.8,98.5,98.0,95.05,7.462125798294592,0.1009306189377486
60,synthetic,19.31382281870439,2.5018495937678624,12.540836779064374,40.96229466170928,18.426514045550455,2.4996412415159566,2.4744597221610944,1.2805811375265843,60.952020828746555,0.8126592782317108,10.96890543505149,100,45,90,1210,8300,180.0,1.4115,109.2,54.6,9.8,98.5,98.0,95.05,7.522160746457303,0.0975058989856342
61,synthetic,16.208194543695427,3.353818075646015,12.95097691383063,40.476025554128086,20.946047331628453,2.0071120893678107,2.9387064052766037,1.119119086426974,50.50552309750104,0.9891880391071468,10.999804789001224,100,45,90,1210,8300,180.0,1.4115,109.2,54.6,9.8,98.5,98.0,95.05,7.482734856415281,0.09312382268791283
62,synthetic,15.813717430524788,3.659406082202926,14.277457708952928,42.48805624302439,16.779844386279102,3.3781905213540213,2.4999031733285237,1.1034244543333216,52.201911282164616,0.7719590100830722,10.930600697830164,100,45,90,1210,8300,180.0,1.4115,109.2,54.6,9.8,98.5,98.0,95.05,7.489197187177121,0.10151352700631319
63,synthetic,19.92324766808822,3.042304117958799,14.065796729100565,39.16387437071665,17.22879382479922,3.1988202833622363,2.6608073107489068,0.7163556952254014,66.92989917853501,0.6841686623496747,11.520261540970832,100,45,90,1210,8300,180.0,1.4115,109.2,54.6,9.8,98.5,98.0,95.05,7.350435830205838,0.10177277695058747
64,synthetic,18.625916604254343,3.5621368535253817,13.692901932286913,40.28470328176905,17.22007219790985,3.335029185676543,2.6532136028312925,0.6260263417466265,62.09088046254627,0.7456092856752536,11.089891645309537,100,45,90,1210,8300,180.0,1.4115,109.2,54.6,9.8,98.5,98.0,95.05,7.355543872684722,0.10127035813966169
65,synthetic,19.96542290965253,3.3769582512012484,10.634549877592566,37.70977062880019,21.281115398278654,3.3205704501915383,2.589820454422513,1.1217920298607567,56.99457561566214,0.7742958697606132,10.823969077009185,100,45,90,1210,8300,180.0,1.4115,109.2,54.6,9.8,98.5,98.0,95.05,7.3587923884947015,0.10051929200839148
66,synthetic,17.978568873428635,2.8469208095302783,14.369442489519006,41.608199657578325,16.7756515459328,2.9161551998531277,2.6088949240985726,0.8961665000592489,57.67913628517825,0.7535817045165737,11.225282169754552,100,45,90,1210,8300,180.0,1.4115,109.2,54.6,9.8,98.5,98.0,95.05,7.451221714874287,0.09956340234786275
67,synthetic,18.38810381799897,3.588654452073151,12.834688976596933,37.928688800471846,20.30895566029328,3.4751256139894062,2.4611996266908855,1.014583051885531,60.03791817851289,0.7309907267226601,10.969427302127556,100,45,90,1210,8300,180.0,1.4115,109.2,54.6,9.8,98.5,98.0,95.05,7.3551545565575855,0.10156556839667115
68,synthetic,18.4129079910461,2.7240612345522264,14.807748147705162,41.14941341383905,16.249092332752817,2.2993129893492354,2.9448811466134854,1.4125827441419312,67.74360030217535,0.5351829362321857,12.350769934363493,100,45,90,1210,8300,180.0,1.4115,109.2,54.6,9.8,98.5,98.0,95.05,7.548957944658044,0.0995651778324827
69,synthetic,16.06073703761651,3.2047013322622417,13.66747452281415,39.53951008202142,21.148560136675613,2.5685790425559576,2.568721435534372,1.241716410519735,51.71708406261539,0.8789234627433943,10.482192635290975,100,45,90,1210,8300,180.0,1.4115,109.2,54.6,9.8,98.5,98.0,95.05,7.468392743200688,0.09615838308548152
70,synthetic,18.65567988326398,3.674440195039127,12.849669093207632,41.481717985467306,15.732305677633427,3.35595993631706,2.952129793253131,1.298097435818333,65.37573827691996,0.6564520822627266,11.826964213737064,100,45,90,1210,8300,180.0,1.4115,109.2,54.6,9.8,98.5,98.0,95.05,7.478367017804493,0.1043310788102968
71,synthetic,19.437855442440217,3.0919448322251233,11.59566244299833,40.190036588171544,19.261187902287727,2.871484060622076,2.4500539753872768,1.1017747558677085,54.935529702954135,0.8593373251445109,10.883002888209942,100,45,90,1210,8300,180.0,1.4115,109.2,54.6,9.8,98.5,98.0,95.05,7.455459096974348,0.0983866927867673
72,synthetic,18.422810366968385,3.009216631313354,14.774491959279038,40.730025996053584,16.70517721751025,2.1483867576572333,2.828855019300284,1.38103605191787,68.29538230116928,0.6284014784623686,12.27094921789482,100,45,90,1210,8300,180.0,1.4115,109.2,54.6,9.8,98.5,98.0,95.05,7.554998903151773,0.09850774943632876
73,synthetic,17.407456701631403,3.9389985214534127,13.262596003763317,41.683910896528026,18.46854589640033,2.1660381110444242,2.277679919604546,0.7947739495745427,52.242884139139015,1.0193014049720062,10.960775270335098,100,45,90,1210,8300,180.0,1.4115,109.2,54.6,9.8,98.5,98.0,95.05,7.513878995358233,0.09368815330309598
74,synthetic,16.856263185441385,3.107282446639801,13.800074858720174,39.86334022435002,20.406470913721975,2.3102202912710474,3.035692742411909,0.6206553374436864,54.29538071132556,1.0285464950217578,10.981326836590542,100,45,90,1210,8300,180.0,1.4115,109.2,54.6,9.8,98.5,98.0,95.05,7.362170931519023,0.09411369859089277
75,synthetic,19.480610412118153,2.650593468474714,11.322699055756555,39.94672517827066,20.925349752475697,2.269238108519131,2.454924724440967,0.9498592999441262,51.2997951336689,0.9820906422104259,10.556788074013191,100,45,90,1210,8300,180.0,1.4115,109.2,54.6,9.8,98.5,98.0,95.05,7.449052643078749,0.09368618546049476
76,synthetic,16.22629486511605,3.56536780200398,14.256673247011019,38.98831305069287,21.122025978989,2.5089832186048415,2.583935433716596,0.7484064038656515,54.123639463806526,1.0264244545007633,10.736815190846041,100,45,90,1210,8300,180.0,1.4115,109.2,54.6,9.8,98.5,98.0,95.05,7.385549621706495,0.09484851364763
77,synthetic,16.223982507750726,2.741881094277886,14.700095054037574,38.392045884774845,21.21592180023906,3.1660380699915383,2.5694276734165022,0.9906079155118719,55.33429991954082,0.8883898106296947,10.547564560049594,100,45,90,1210,8300,180.0,1.4115,109.2,54.6,9.8,98.5,98.0,95.05,7.357078869584163,0.09893661533480909
78,synthetic,19.58424203814598,2.9822994872234974,13.040646059572957,40.26472297816871,18.255098923924912,2.6006768678679175,2.585074700480675,0.6872389446153415,57.91202855798481,0.8143689215590588,11.423320380812605,100,45,90,1210,8300,180.0,1.4115,109.2,54.6,9.8,98.5,98.0,95.05,7.404925791835324,0.09699213207498002
79,synthetic,19.943019492597884,3.727461803055794,13.708073163657577,38.25669526691892,18.281315079097666,2.229315683189504,3.0127324441009247,0.8413870673817276,67.36186777840108,0.7858505613906903,12.181134203146929,100,45,90,1210,8300,180.0,1.4115,109.2,54.6,9.8,98.5,98.0,95.05,7.398316592900636,0.09774294143340997
80,synthetic,15.250533448484669,3.013605515215943,13.972285152479422,41.693403258456065,19.358961214917457,3.1262578771172898,2.872998922248615,0.7119546110805426,47.19411224162268,0.969936497297724,10.18805393693621,100,45,90,1210,8300,180.0,1.4115,109.2,54.6,9.8,98.5,98.0,95.05,7.373426355468815,0.09760570834081922
81,synthetic,19.6189165804659,3.156984404380559,13.195068246320822,42.65176748200803,15.016161408107195,3.490052747616767,2.3089860245605704,0.5620631065401552,59.78661978801396,0.7734579535041878,11.07400154590909,100,45,90,1210,8300,180.0,1.4115,109.2,54.6,9.8,98.5,98.0,95.05,7.413545627584,0.10181069829565459
82,synthetic,18.630900641919506,3.191649145232361,13.299756505646394,39.08286940420946,19.197867497011934,2.709175959138497,3.045067204086881,0.8427136427549559,60.8410008381069,0.754857352064754,11.453734527519908,100,45,90,1210,8300,180.0,1.4115,109.2,54.6,9.8,98.5,98.0,95.05,7.3645307906419735,0.09843316159324839
83,synthetic,19.95903858248814,3.297120717395866,13.299978594005756,39.26371698854693,17.117361967965497,3.4213033994989885,2.40296903741219,1.2385107126866286,67.98423013524808,0.5498656680808237,11.518132414750642,100,45,90,1210,8300,180.0,1.4115,109.2,54.6,9.8,98.5,98.0,95.05,7.444401339612555,0.10412374082141547
84,synthetic,17.015701020595408,3.342728395094499,13.59891267510773,40.511186471714716,18.56253906225948,3.360629490364263,2.4612310867205913,1.1470717981433252,55.431396121474954,0.7253357731008319,10.79253730570037,100,45,90,1210,8300,180.0,1.4115,109.2,54.6,9.8,98.5,98.0,95.05,7.444341627025373,0.1012346815232066
85,synthetic,16.01261203962093,3.313118552426079,13.506955506217162,39.17567011696206,21.67045727939896,2.915090724330761,2.2806176241301186,1.1254781569139363,51.244648210395866,0.9303118539164122,10.18,100,45,90,1210,8300,180.0,1.4115,109.2,54.6,9.8,98.5,98.0,95.05,7.435921146939336,0.09681901863231257
86,synthetic,16.60245580839008,3.9641925860375617,11.998380675818185,41.78696030683619,19.7979940453271,2.0348413735201376,2.4400675907482308,1.3751076133225117,45.114552741073446,0.9994907786535662,11.02942190217582,100,45,90,1210,8300,180.0,1.4115,109.2,54.6,9.8,98.5,98.0,95.05,7.598988725798657,0.09362190115806425
87,synthetic,18.05113722216623,3.1659143295939645,14.67968749717863,37.05321930895823,20.977890633030604,2.483323510734407,2.5990032422454736,0.9898242560924627,65.37597448831707,0.7128822243738234,11.223689567916225,100,45,90,1210,8300,180.0,1.4115,109.2,54.6,9.8,98.5,98.0,95.05,7.384104100930199,0.09709731221105107
88,synthetic,18.161012500574312,3.0011669004381334,11.22102500382944,38.436421394018865,21.388702846788753,3.3858117492477593,2.927655174338177,1.4782044307645612,56.982420255229734,0.7066056971506893,10.871207762082722,100,45,90,1210,8300,180.0,1.4115,109.2,54.6,9.8,98.5,98.0,95.05,7.397708142005479,0.1016230717104509
89,synthetic,18.724957628898444,3.647000842842999,13.812950459813203,39.35709126195461,18.364253416596146,2.6846782917714074,2.2642489037639035,1.1448191943592905,61.56588992440387,0.6610218789896081,11.390133565278132,100,45,90,1210,8300,180.0,1.4115,109.2,54.6,9.8,98.5,98.0,95.05,7.488170719761174,0.09898557839907046
90,synthetic,15.838497598388905,2.5112605491999997,11.680649842646869,42.70175748233677,20.58257584976527,3.258760799351487,2.1521619771276543,1.274335901183051,41.854782199999995,1.0546306814001831,10.18,100,45,90,1210,8300,180.0,1.4115,109.2,54.6,9.8,98.5,98.0,95.05,7.50868023899017,0.09711280679504027
91,synthetic,18.317266286145433,2.6677672035710156,14.162646424620036,42.37441276309196,16.23449466005653,2.635243092019481,2.6074034214152633,1.0007661490802784,57.43491336825605,0.698616117831284,11.279590502468677,100,45,90,1210,8300,180.0,1.4115,109.2,54.6,9.8,98.5,98.0,95.05,7.504004322059994,0.09855412198220588
92,synthetic,19.883320391082947,2.9774895814435305,12.30604442918787,41.18974982332781,17.973438473708192,2.077128731835394,2.7394908743457895,0.8533376950684678,57.72764342064009,0.9126754166109986,11.800460289942665,100,45,90,1210,8300,180.0,1.4115,109.2,54.6,9.8,98.5,98.0,95.05,7.477155053757065,0.09485347877949282
93,synthetic,18.93731937315751,3.748180112922979,14.106153932989226,38.68427377981329,17.91666198627916,2.482318523361349,2.8237028576337604,1.301389433842723,70.74359717682223,0.6484200894411111,12.149911091279211,100,45,90,1210,8300,180.0,1.4115,109.2,54.6,9.8,98.5,98.0,95.05,7.480854606309659,0.10012765023812062
94,synthetic,17.456287231956832,3.839546529304455,10.719543480392792,41.48428036374134,21.15348145761272,2.144142849457822,2.1688780742600753,1.0338400132739602,41.854782199999995,1.1263283789231933,10.287187644770784,100,45,90,1210,8300,180.0,1.4115,109.2,54.6,9.8,98.5,98.0,95.05,7.536017587583867,0.09164773165489695
95,synthetic,19.11563658708093,2.752001272866807,10.734318674107021,39.22571391349175,21.025606815343753,3.234686914925142,2.5928359428906056,1.3191998792939803,50.79560727259256,0.8841622205634749,10.69077964787023,100,45,90,1210,8300,180.0,1.4115,109.2,54.6,9.8,98.5,98.0,95.05,7.41933892964018,0.09983388650201838
96,synthetic,15.88145682511065,2.7630197671808827,14.1155381140345,42.66038403405044,17.789546364319488,3.4855826860407237,2.150932383569674,1.1535398256936433,50.128403795880146,0.8211496229121288,10.18,100,45,90,1210,8300,180.0,1.4115,109.2,54.6,9.8,98.5,98.0,95.05,7.497546040557603,0.10061868694995384
97,synthetic,17.243647536006254,3.089377265045611,14.375420995270412,37.22076757657008,21.829169520798796,3.309288438161268,2.2115307469386463,0.720797921208934,51.33355878863236,0.9699674336103141,10.18,100,45,90,1210,8300,180.0,1.4115,109.2,54.6,9.8,98.5,98.0,95.05,7.305355302074698,0.09864252691421918
98,synthetic,18.28036939547532,2.9336253724572874,13.6736256539029,39.19913748069603,18.96494455566751,2.8263631527356043,2.9114016173226647,1.210532771742678,63.357337400265784,0.7437671839509999,11.448910468478514,100,45,90,1210,8300,180.0,1.4115,109.2,54.6,9.8,98.5,98.0,95.05,7.426584523647563,0.10008249787398225
99,synthetic,19.13305742328965,3.341834601835066,11.926847404285514,42.5101858165021,16.89487733046575,2.7828777061538803,2.3462245804208193,1.064095137047223,52.05041836952366,0.8391500850603356,11.197501833356952,100,45,90,1210,8300,180.0,1.4115,109.2,54.6,9.8,98.5,98.0,95.05,7.528158709052715,0.09836146482635465
100,synthetic,19.451319809118093,3.20493391043101,12.380458783393303,38.00279642463768,21.548793606898585,2.08923003827501,2.2366961020915905,1.0857713251547225,57.21053636354089,0.9666109227718002,11.117477656140391,100,45,90,1210,8300,180.0,1.4115,109.2,54.6,9.8,98.5,98.0,95.05,7.465625748221827,0.09387977093508257
101,synthetic,18.052425336708943,2.80808544650861,14.441827265314203,38.30677932923775,21.507666346436885,2.149746585765185,2.118143251917435,0.615326438110988,54.27931891977903,1.1191636809061323,10.624528481603836,100,45,90,1210,8300,180.0,1.4115,109.2,54.6,9.8,98.5,98.0,95.05,7.394486830882354,0.09240308430728533
102,synthetic,18.09784628155156,2.682953446314434,14.261911589651332,37.372330999466605,20.27990060456525,3.2297132873570362,2.578666579574623,1.4966772115191533,63.75592596243558,0.5893729396838326,10.993944990922866,100,45,90,1210,8300,180.0,1.4115,109.2,54.6,9.8,98.5,98.0,95.05,7.420826340294887,0.10249188704745463
103,synthetic,15.220875514720806,3.10189744627917,11.61968334468818,41.99458250992926,21.640518490988487,2.8652914377463894,2.886810061989198,0.6703411936585189,41.854782199999995,1.2405645500896574,10.18,100,45,90,1210,8300,180.0,1.4115,109.2,54.6,9.8,98.5,98.0,95.05,7.372941562883625,0.09378000411114948
104,synthetic,17.043346886833564,3.147278505531032,13.165745910723547,38.497169889921935,21.48738574042295,3.3991694294854735,2.4306411774837295,0.8292624595977696,54.90212368161755,0.8772629656554454,10.18,100,45,90,1210,8300,180.0,1.4115,109.2,54.6,9.8,98.5,98.0,95.05,7.328763388677664,0.09900459399505199
105,synthetic,17.255232500926276,3.351901345642739,12.309089557248742,41.44238628526958,19.611273868716907,2.8315985350696455,2.3527871013634836,0.8457308057626326,44.78385998326771,1.145929098877002,10.263962690652486,100,45,90,1210,8300,180.0,1.4115,109.2,54.6,9.8,98.5,98.0,95.05,7.448946555263024,0.09601245982368145
106,synthetic,19.727599455109534,3.088727101397416,14.619502002727149,38.281585564323514,19.052842673251696,2.0069281982649914,2.042396199255779,1.1804188056699219,68.2205685687103,0.7475064204078233,11.392025142728997,100,45,90,1210,8300,180.0,1.4115,109.2,54.6,9.8,98.5,98.0,95.05,7.523492932224705,0.0958650529496187
107,synthetic,17.813340069159665,2.5397986558091117,13.717299806111926,39.202111592548455,20.96501735948427,2.7446262236589627,2.5123331843929804,0.5054731088346275,53.45924471999561,1.2748063236684402,10.466838885677392,100,45,90,1210,8300,180.0,1.4115,109.2,54.6,9.8,98.5,98.0,95.05,7.32455382211788,0.09510348061432033
108,synthetic,18.933248562467995,2.996074100119158,14.393818098912698,40.25985398004354,17.61142411290637,2.8476168659460583,2.2973759670192604,0.6605883125849187,60.86389859890145,0.9210872654940742,11.000155043080335,100,45,90,1210,8300,180.0,1.4115,109.2,54.6,9.8,98.5,98.0,95.05,7.409049045400053,0.09836694972483179
109,synthetic,19.91072148158922,3.4108171457411083,12.124896928330507,40.9122553805136,17.589890574930386,2.6264289389810687,2.130238991496536,1.2947505584175718,55.68075651870602,0.8147086907734322,11.519196391469377,100,45,90,1210,8300,180.0,1.4115,109.2,54.6,9.8,98.5,98.0,95.05,7.557160762759168,0.09861869207209335
110,synthetic,19.188584290935204,2.9265957018601134,11.518983092049721,39.67336268469389,21.120339794343693,2.0359555332919332,2.5725031881439504,0.963675714681501,53.90267998897658,1.0214367618083915,10.866634148933601,100,45,90,1210,8300,180.0,1.4115,109.2,54.6,9.8,98.5,98.0,95.05,7.4567495669689166,0.09280460232382307
111,synthetic,18.4506338478923,2.7450875502241816,13.34165370397577,41.891582967484595,17.637138055124133,2.928072167254463,2.0441045108600537,0.9617271971845094,56.227004375175994,0.9087862477803188,10.580186338813593,100,45,90,1210,8300,180.0,1.4115,109.2,54.6,9.8,98.5,98.0,95.05,7.497585429600239,0.09809876964010528
112,synthetic,17.024970307479087,3.7134544037601236,14.872085615544233,41.75405408191283,15.565146960019174,2.977504201902491,2.9585499954153356,1.1342344339667283,60.57706672898998,0.6346033851681487,12.002715506052564,100,45,90,1210,8300,180.0,1.4115,109.2,54.6,9.8,98.5,98.0,95.05,7.48582971650842,0.10206771476867857
113,synthetic,18.52898501814744,2.9526473000453963,14.514945767030683,41.745079841375755,15.31580321996495,3.403811153016621,2.921223318166555,0.6175043822526015,62.43846164119467,0.7937093916457986,11.569518151050966,100,45,90,1210,8300,180.0,1.4115,109.2,54.6,9.8,98.5,98.0,95.05,7.364479952000969,0.10266432364010186
114,synthetic,17.22508027426996,2.5946757560558065,14.843761606807995,42.09883260287346,17.17457929556758,2.2840452375092806,2.314652032024435,1.4643731948914789,61.893891832448936,0.7873065123305931,11.119714548111352,100,45,90,1210,8300,180.0,1.4115,109.2,54.6,9.8,98.5,98.0,95.05,7.612341374273754,0.09728978810551651
115,synthetic,15.471430267440034,3.800954560751772,13.53921947200724,38.5446626627895,20.810134254113198,3.4638463105518444,2.926370121068559,1.4433823512778527,51.07341332194437,0.6464559450262001,10.850134425691293,100,45,90,1210,8300,180.0,1.4115,109.2,54.6,9.8,98.5,98.0,95.05,7.4059277473472225,0.10237177827216992
116,synthetic,15.6346762839546,3.693682847750455,12.72837847040524,41.51658834429535,18.804469165559023,3.3483823644807704,3.0689842005113825,1.204838323043181,47.619603043683874,0.7596518047384119,10.586966958785535,100,45,90,1210,8300,180.0,1.4115,109.2,54.6,9.8,98.5,98.0,95.05,7.434537354344849,0.10103395769406534
117,synthetic,18.899349219361557,3.169109339380339,14.653422442723102,39.06071249663848,19.28554706015767,2.0527639732766296,2.1732756754492275,0.7058197930130076,65.36348429666354,1.0359337988015942,11.269482663325915,100,45,90,1210,8300,180.0,1.4115,109.2,54.6,9.8,98.5,98.0,95.05,7.447895153858545,0.0939543219357806
118,synthetic,16.009336258047707,3.7008754310107754,13.088944542527916,39.755351391688166,21.048957804349072,3.4232646605086763,2.3826908533322517,0.5905790585354393,46.57571466971295,1.129034771984054,10.18,100,45,90,1210,8300,180.0,1.4115,109.2,54.6,9.8,98.5,98.0,95.05,7.326515563114977,0.09781913245409345
119,synthetic,16.129644789583914,3.1567623485137557,14.728468259122366,41.903462893849195,17.648168756613906,3.156159820498055,2.5945243613878306,0.6828087704309765,52.58421566685631,0.9013466701196649,10.889410844742773,100,45,90,1210,8300,180.0,1.4115,109.2,54.6,9.8,98.5,98.0,95.05,7.4047074730061055,0.09889736993739376
120,synthetic,16.60367059476726,3.4797878275342278,13.364266973424467,42.7030174735409,18.043318227663324,2.342968403993172,2.794097457463944,0.6688730416127148,49.29034901124135,1.0407905432778735,10.985989615266655,100,45,90,1210,8300,180.0,1.4115,109.2,54.6,9.8,98.5,98.0,95.05,7.461329054270798,0.09435171468326058
121,synthetic,19.683348459325632,2.781855368554715,10.536561814162603,42.239696348639946,18.48353391655765,2.779324397164541,2.559012206256069,0.9366674893388395,47.58502259182886,1.0800715556279965,10.732544980744409,100,45,90,1210,8300,180.0,1.4115,109.2,54.6,9.8,98.5,98.0,95.05,7.4672111059175315,0.09680882142248279
122,synthetic,19.974074464148043,3.229420919005873,12.389732903699155,40.973950575605045,17.95236243900193,2.100238632052194,2.652252294264578,0.7279677722231824,58.51252879831587,1.0420009964284198,11.665725041050251,100,45,90,1210,8300,180.0,1.4115,109.2,54.6,9.8,98.5,98.0,95.05,7.460636261497876,0.09466478572865872
123,synthetic,18.18804490114525,2.576250192922716,14.906935506265008,39.617152680061814,18.283035553088705,3.3451330573860476,2.5231172905562285,0.5603308185742217,62.82079636482392,0.8676592187345743,10.749351498272418,100,45,90,1210,8300,180.0,1.4115,109.2,54.6,9.8,98.5,98.0,95.05,7.31952872827525,0.10041003389747422
124,synthetic,19.111067730469035,3.472275594500702,13.908785237869726,38.480859929180305,17.997189044562113,2.9569051163699673,2.9418519041762683,1.1310654428718876,68.1881720902639,0.5993795314138889,12.070258617735432,100,45,90,1210,8300,180.0,1.4115,109.2,54.6,9.8,98.5,98.0,95.05,7.403119023157383,0.10199072568410679
125,synthetic,16.738368174179517,3.4937943915493,13.359270943070337,38.348376365889365,21.724108737546374,2.5563684823125037,2.4675899442655442,1.3121229611870593,53.65316895746174,0.8179838909904525,10.609956395626305,100,45,90,1210,8300,180.0,1.4115,109.2,54.6,9.8,98.5,98.0,95.05,7.464554218466075,0.09652962687744751
126,synthetic,18.134124913921042,3.6209047002881047,14.473439434339074,40.99126466814267,16.908105481911242,2.1660863879008314,3.051651325474892,0.6544230880221424,64.41409165925359,0.9395818307526671,12.053321343782267,100,45,90,1210,8300,180.0,1.4115,109.2,54.6,9.8,98.5,98.0,95.05,7.4310664764234176,0.09622938879033244
127,synthetic,15.988334911273197,2.9369941803376984,12.646956770131437,40.65296226484142,21.179778962238547,3.1408190340948003,2.778973309226899,0.6751805678560037,43.69187264134154,1.1707508424572763,10.18,100,45,90,1210,8300,180.0,1.4115,109.2,54.6,9.8,98.5,98.0,95.05,7.337779641173818,0.09641699054249586
128,synthetic,18.525140982620965,2.6048974472152917,12.40561550881575,39.02206146203352,20.475478366874565,3.1219851934286704,2.8965804058406297,0.948240633170607,56.39417989109558,0.932620010083621,10.88331009055115,100,45,90,1210,8300,180.0,1.4115,109.2,54.6,9.8,98.5,98.0,95.05,7.344257208536495,0.09924033257785432
129,synthetic,16.179986313102763,3.6447332347298507,14.650016736773587,39.622523969259305,18.485522969522215,2.9644976350112486,2.9538895042673765,1.4988296373336585,59.97136372409666,0.5332288335733792,11.528756887705933,100,45,90,1210,8300,180.0,1.4115,109.2,54.6,9.8,98.5,98.0,95.05,7.483787087722965,0.10179915312763059
130,synthetic,18.06758242364916,3.8346691998098033,14.54304123277821,37.718074686593376,20.540160414653357,2.6913970866096655,2.0892694004662893,0.5158055554401338,61.87743956579124,0.8807022678997811,10.734370505462598,100,45,90,1210,8300,180.0,1.4115,109.2,54.6,9.8,98.5,98.0,95.05,7.352617315784913,0.09596746414961425
131,synthetic,17.386003166414625,3.2414718003019267,12.036811939314862,42.001366131574166,18.977171459039553,2.8282440549566408,2.9202743451359625,0.6086571032622624,44.810449205949645,1.048400235704782,10.609796891694616,100,45,90,1210,8300,180.0,1.4115,109.2,54.6,9.8,98.5,98.0,95.05,7.384367837701577,0.09612946697075024
132,synthetic,17.00830817004688,2.9021276572308263,13.031496990963578,39.56046678201895,21.57163747944927,2.5169613297674265,2.6127019600695953,0.7962996304534851,48.95256535763584,1.0583919374650756,10.289580214445579,100,45,90,1210,8300,180.0,1.4115,109.2,54.6,9.8,98.5,98.0,95.05,7.388429690024888,0.0941769081980906
133,synthetic,15.848999868863537,2.7927782947279836,10.28972672269065,42.720258585999574,21.6450546610648,2.6043194127614444,2.917532981202319,1.1813294726896912,41.854782199999995,1.1140237819082626,10.18,100,45,90,1210,8300,180.0,1.4115,109.2,54.6,9.8,98.5,98.0,95.05,7.481493565564229,0.09361680537111394
134,synthetic,19.07236938015467,2.8528845826234677,11.38103681728283,39.13971226081297,21.751632202974413,2.3968964080192374,2.4729527548900525,0.9325155932423661,52.28463897990253,1.1212136694467891,10.346734824375897,100,45,90,1210,8300,180.0,1.4115,109.2,54.6,9.8,98.5,98.0,95.05,7.41750530092317,0.0940222495152065
135,synthetic,16.26517374964842,3.663686629655636,13.859246716145776,42.572289914855986,17.6482260995665,3.2526886866211004,2.2343824278389026,0.5043057756676786,47.245844421908394,1.0964545253573308,10.18,100,45,90,1210,8300,180.0,1.4115,109.2,54.6,9.8,98.5,98.0,95.05,7.413230048167797,0.09788149654695702
136,synthetic,17.31914055231438,2.9341445612620976,13.980302238129354,38.142329147055804,21.353234239733375,3.2040809079325485,2.292633959883832,0.7741343936886084,55.33420669384314,0.9475955553836596,10.371728659354064,100,45,90,1210,8300,180.0,1.4115,109.2,54.6,9.8,98.5,98.0,95.05,7.3345162040313925,0.09819191816135847
137,synthetic,16.273641750587338,2.702557144084354,14.718991840518555,42.3229070076746,17.814334587099484,2.3370342118188105,2.931338155559068,0.8991953026577905,58.41880976033676,0.8067515542389437,11.393121988055753,100,45,90,1210,8300,180.0,1.4115,109.2,54.6,9.8,98.5,98.0,95.05,7.474246439134723,0.095698581274711
138,synthetic,15.175584055548333,2.7429123553744468,13.19625170178085,41.728381117116314,20.480336919202067,2.3164015827330693,3.0091351481927564,1.3509971200521644,44.92135495816611,1.0410658942658197,10.567737981503303,100,45,90,1210,8300,180.0,1.4115,109.2,54.6,9.8,98.5,98.0,95.05,7.513483149529056,0.09484064529544659
139,synthetic,19.241903770305406,2.841491720198821,10.252679943250289,40.19248454376795,21.071964776378085,2.458700343107851,2.6808080192908785,1.25996688370073,47.68246079001594,1.0030988610622007,10.728257938377364,100,45,90,1210,8300,180.0,1.4115,109.2,54.6,9.8,98.5,98.0,95.05,7.476742492381205,0.09541791907093565
140,synthetic,15.6414662925556,3.671257531778572,14.69255729480533,39.24245641521537,20.098624760224865,2.661834122720837,2.964345952626873,1.027457630072559,56.12166023108405,0.8640512322676459,11.167138641473,100,45,90,1210,8300,180.0,1.4115,109.2,54.6,9.8,98.5,98.0,95.05,7.408310233607088,0.09766109626912094
141,synthetic,18.723854639083772,3.730758915787906,13.74676430849503,41.34182483365885,17.014984132337077,2.1767658513587467,2.262172382298266,1.0028749369803531,59.69352156683483,0.8381896833051689,11.719675249135713,100,45,90,1210,8300,180.0,1.4115,109.2,54.6,9.8,98.5,98.0,95.05,7.5494601203858185,0.09607175125719322
142,synthetic,17.52638461146548,3.3739665239718066,11.975509187739455,39.73824860462296,20.508239670150193,3.3697306255208117,2.2713975588274185,1.236523217701888,51.203248215946445,0.895025925698105,10.194893855404203,100,45,90,1210,8300,180.0,1.4115,109.2,54.6,9.8,98.5,98.0,95.05,7.442064995951782,0.09996773451982982
143,synthetic,18.389859262725224,3.2846357489189724,10.942651169370802,39.16340861838007,20.566625810078968,3.440939428443249,2.794019965456975,1.417859996625734,51.79212278958303,0.6977401685487984,10.734566341805703,100,45,90,1210,8300,180.0,1.4115,109.2,54.6,9.8,98.5,98.0,95.05,7.416985992414459,0.10181395666969054
144,synthetic,19.920926324739998,3.0280760113588574,13.191117764631684,39.046844094802346,18.317529163466546,3.479943120294845,2.1031886064084975,0.9123749142972246,64.12387112212015,0.813589929381445,10.872653295527124,100,45,90,1210,8300,180.0,1.4115,109.2,54.6,9.8,98.5,98.0,95.05,7.391001377027045,0.10202196156348536
145,synthetic,19.37769522263618,2.926076965789773,13.938964253194364,38.83461043135396,17.67948213946179,3.4699678098352376,2.9718828200660785,0.8013203576626153,70.78181351197475,0.7783393002913985,11.564593042323288,100,45,90,1210,8300,180.0,1.4115,109.2,54.6,9.8,98.5,98.0,95.05,7.312604172894605,0.10342219004716575
146,synthetic,18.850965567689276,3.005284815749903,13.031814201077676,39.511123106979035,19.609365378753044,3.2443931136285573,2.0268959249702165,0.7201578911522997,54.04282138546498,1.040431769709894,10.345738271946757,100,45,90,1210,8300,180.0,1.4115,109.2,54.6,9.8,98.5,98.0,95.05,7.380506776904952,0.09862273644316603
147,synthetic,16.98218117682406,3.917722431506159,10.254403672725074,42.01199584303079,20.247940257312457,2.3864189242730545,2.9532697153690397,1.2460679789593652,42.19109213776693,1.014041931179615,10.639989503899498,100,45,90,1210,8300,180.0,1.4115,109.2,54.6,9.8,98.5,98.0,95.05,7.5169179213105775,0.09479699124852897
148,synthetic,19.428525854291813,2.823887185646899,12.656463774093025,39.48668089716067,20.454889605023606,2.3685496144924714,2.2538209357939385,0.527182133497585,51.1371559714339,1.1655601804847497,10.522433126856777,100,45,90,1210,8300,180.0,1.4115,109.2,54.6,9.8,98.5,98.0,95.05,7.384600104161463,0.09345082193236953
149,synthetic,18.202196060518204,2.8023024630885747,14.440293475074348,38.07109845916217,20.682266598534856,2.5243454171780506,2.6364702264937767,0.6410272999500146,66.67250014919007,0.8958714995505209,10.745637686830317,100,45,90,1210,8300,180.0,1.4115,109.2,54.6,9.8,98.5,98.0,95.05,7.337852004261373,0.09579040586456922
150,synthetic,19.86173123966799,3.8543390314454253,14.609487532496003,39.2726480305341,17.32514133392416,2.2537020610742835,2.2329493798129416,0.5900013910450899,67.7890159381774,1.0152028826467834,11.726417951712213,100,45,90,1210,8300,180.0,1.4115,109.2,54.6,9.8,98.5,98.0,95.05,7.438468628568527,0.09639713806522014
151,synthetic,18.872086022846663,3.4463680116589828,14.41087535164474,37.28679286521217,19.469272694353183,2.7831876393547264,2.78402466313743,0.9473927517921095,69.3914622868614,0.6215775711640412,11.533245465032305,100,45,90,1210,8300,180.0,1.4115,109.2,54.6,9.8,98.5,98.0,95.05,7.362441668815513,0.09988790886034611
152,synthetic,19.2103507588612,2.995301943396597,13.4302493475295,37.60342122316009,20.994867414590175,2.116617000387563,2.8415268456958476,0.80766546637903,60.21595269195913,0.8017093455146427,11.426860110998849,100,45,90,1210,8300,180.0,1.4115,109.2,54.6,9.8,98.5,98.0,95.05,7.370015926858546,0.09470288720135339
153,synthetic,16.083111820920212,3.533352178679458,14.548983113666168,42.54306460671004,17.06513446098677,2.8532507080764784,2.318817525234441,1.054285585726428,48.87927341453101,0.7607659816841618,10.76276274182453,100,45,90,1210,8300,180.0,1.4115,109.2,54.6,9.8,98.5,98.0,95.05,7.527651614650251,0.09842705612718318
154,synthetic,18.109310153271704,3.4155030831852695,13.11773184821373,42.44677215119142,15.945558545522669,3.0403107043800794,2.7422253920182458,1.1825881222168833,57.21874507605581,0.7147053469079949,11.597019521024789,100,45,90,1210,8300,180.0,1.4115,109.2,54.6,9.8,98.5,98.0,95.05,7.5096301169168385,0.10134951799597047
155,synthetic,16.185310384923316,3.744624865187367,12.728991428697316,40.640454512550306,20.322951796292323,2.7088339750052857,2.549113647964446,1.1197193893796402,48.316129294132935,1.0013572906747434,10.607967868568108,100,45,90,1210,8300,180.0,1.4115,109.2,54.6,9.8,98.5,98.0,95.05,7.47412836916113,0.09639991593842243
156,synthetic,19.63985304082912,3.237718872119365,12.643287690541456,39.06416613831394,19.213978744692707,3.106272705946589,2.079035369034858,1.015687438521972,59.207848795821846,0.8309147019329457,10.913678304965009,100,45,90,1210,8300,180.0,1.4115,109.2,54.6,9.8,98.5,98.0,95.05,7.432164238994077,0.09968412784856151
157,synthetic,17.407957946030216,3.8825274763563558,12.467532902181706,41.3439194094863,18.27824374286032,3.4432999828020527,2.4956341099609696,0.6808844303220903,49.47389523211291,0.9264509822980768,10.566897320572142,100,45,90,1210,8300,180.0,1.4115,109.2,54.6,9.8,98.5,98.0,95.05,7.3846353305043,0.0998875336646271
158,synthetic,17.849914517970163,2.7314246881202138,14.705381423823486,42.101342021685845,16.171554997509254,2.9399588265462224,2.3588621983804625,1.1415613259643522,60.41082770006461,0.7375277821392087,11.176509476689269,100,45,90,1210,8300,180.0,1.4115,109.2,54.6,9.8,98.5,98.0,95.05,7.519679775730333,0.10036761098670272
159,synthetic,17.061292982320374,3.639464578459592,11.15339562663929,39.873556714325524,21.34054297039982,2.750314473970028,2.831702462484138,1.349730191401227,46.42134624573283,0.8731009708928799,10.523576108904292,100,45,90,1210,8300,180.0,1.4115,109.2,54.6,9.8,98.5,98.0,95.05,7.464642276716793,0.09716963561008071
160,synthetic,19.994143054774025,2.8359184983909373,11.434462067817275,42.453926034815716,16.75303160712322,2.394306998239674,2.6406892156933153,1.493522523145843,60.0756710253508,0.7081394679922302,11.639726399335247,100,45,90,1210,8300,180.0,1.4115,109.2,54.6,9.8,98.5,98.0,95.05,7.597574324014187,0.09840518581602287
161,synthetic,16.34565250361403,2.981275111100781,12.736414206024374,42.644301997750205,18.925441621934084,2.7582542290356002,2.7003373079079367,0.9083230226329888,47.26117224334422,1.003423928650495,10.210464768079005,100,45,90,1210,8300,180.0,1.4115,109.2,54.6,9.8,98.5,98.0,95.05,7.463363246955533,0.09603467460901133
162,synthetic,17.997134042899678,3.9297225698687885,12.470318018308886,42.665023803253305,17.101903384997687,2.715849364963695,2.395632923033272,0.7244158926746863,51.39769510954936,0.9546912311939931,10.998244457507289,100,45,90,1210,8300,180.0,1.4115,109.2,54.6,9.8,98.5,98.0,95.05,7.483892938297535,0.09675215051928215
163,synthetic,18.88324217944358,3.715779573489696,13.55852910459694,42.001019011404175,15.719583873013246,2.712533666006541,2.6637465532363693,0.7455660388094516,60.533370971212406,0.8980333953017786,11.755762769195513,100,45,90,1210,8300,180.0,1.4115,109.2,54.6,9.8,98.5,98.0,95.05,7.463668282746932,0.09899672189627531
164,synthetic,16.006741595263577,3.8943593733508326,10.089304795875904,41.83068739534544,21.47473730894862,3.427893185121362,2.013257049317518,1.263019296776748,41.854782199999995,1.1550845190125887,10.18,100,45,90,1210,8300,180.0,1.4115,109.2,54.6,9.8,98.5,98.0,95.05,7.499985713022198,0.09746235123713899
165,synthetic,19.24489211312427,3.2087030163467323,12.549151830285247,40.68213977888497,17.18549991045455,3.4541878755883815,2.8064369220155,0.868988553300345,62.873306822514415,0.7489913461239345,11.122898937521207,100,45,90,1210,8300,180.0,1.4115,109.2,54.6,9.8,98.5,98.0,95.05,7.378583615471328,0.1024605112520564
166,synthetic,15.874036931165026,2.829369388303137,12.31961143055025,40.68145467272387,21.597978802200366,3.1012195186413773,2.2367681229970646,1.359561133418898,44.65891289999538,1.1149276994757682,10.18,100,45,90,1210,8300,180.0,1.4115,109.2,54.6,9.8,98.5,98.0,95.05,7.48639986647775,0.09726192295127832
167,synthetic,16.891002615048407,3.7775832741287783,11.208497989905656,41.92567610459259,19.330624283554222,3.390005732121923,2.2836834100625736,1.1929265905858548,46.56494851206793,0.8609889821940144,10.245565967796042,100,45,90,1210,8300,180.0,1.4115,109.2,54.6,9.8,98.5,98.0,95.05,7.488527412507186,0.09946182472169132
168,synthetic,19.93656309978572,2.725897430864505,10.442011453503373,41.61288320412229,19.719366347113713,2.5096039216235457,2.07836892510325,0.9753056178836041,45.92670798981417,1.0854878667156969,10.258768205681536,100,45,90,1210,8300,180.0,1.4115,109.2,54.6,9.8,98.5,98.0,95.05,7.5039373888094785,0.09438343687713356
169,synthetic,18.76885339821978,2.927683600622783,11.675234387525673,39.05483028287989,20.919895804528807,2.780107868392232,2.9270051656871194,0.9463894921437095,53.25315235810085,0.8947987982672477,11.003489828773308,100,45,90,1210,8300,180.0,1.4115,109.2,54.6,9.8,98.5,98.0,95.05,7.367126116747447,0.09723218752784411
170,synthetic,19.764875807800518,3.476191884576605,10.579494326596247,39.441396278581216,21.195650917587606,2.733897786246197,2.1558028647701954,0.6526901338414207,48.67470618246142,1.1540241577980932,10.214533622657896,100,45,90,1210,8300,180.0,1.4115,109.2,54.6,9.8,98.5,98.0,95.05,7.388224429302875,0.09468559241209615
171,synthetic,16.241471239426463,3.184820984491078,11.970359870842337,41.68747266203104,20.672117886914265,2.566756466289236,2.583485297563387,1.0935155924421922,42.571705782397125,1.0389271809129066,10.202457997054085,100,45,90,1210,8300,180.0,1.4115,109.2,54.6,9.8,98.5,98.0,95.05,7.486606076464842,0.09456208482127008
172,synthetic,19.905024056768866,2.5635191709980574,12.224688805135031,40.40017674301248,18.82891451304753,2.2201148498114787,2.369914413470098,1.4876474477564616,62.591349756904,0.8308132721613423,11.294002199171862,100,45,90,1210,8300,180.0,1.4115,109.2,54.6,9.8,98.5,98.0,95.05,7.569752462207682,0.09676021304474822
173,synthetic,19.65052759625062,3.2536194904464075,14.855675759011639,38.77777360852962,16.811849460661797,2.756817859555906,2.945483870990258,0.9482523545537438,69.2281356777437,0.5221549696058655,12.328397013556627,100,45,90,1210,8300,180.0,1.4115,109.2,54.6,9.8,98.5,98.0,95.05,7.398507642768355,0.10148710492784146
174,synthetic,16.39743686785095,3.783213045126822,11.949447344363044,42.683516844663195,18.71506303742164,3.4647905996227184,2.2051316242314503,0.8014006367201857,41.854782199999995,1.0018032608900544,10.18,100,45,90,1210,8300,180.0,1.4115,109.2,54.6,9.8,98.5,98.0,95.05,7.444176516606659,0.09856740152576761
175,synthetic,16.776089170606,3.0232909780695962,13.583758750818047,41.79951229367434,18.265564841968402,2.541948348279025,2.937884990943395,1.0719506256412026,56.06698643783607,0.8727150191935623,11.095246710381266,100,45,90,1210,8300,180.0,1.4115,109.2,54.6,9.8,98.5,98.0,95.05,7.478291567911181,0.09711440693230444
176,synthetic,19.964039786352224,3.012307393302434,10.814282756213512,41.46651154886412,18.63417064440025,2.7998747147475624,2.195703737125759,1.1131094189941395,51.173014169304544,0.920043663741203,10.98801338114328,100,45,90,1210,8300,180.0,1.4115,109.2,54.6,9.8,98.5,98.0,95.05,7.507436126156645,0.09746516794612355
177,synthetic,17.65911927888967,2.971872353553764,13.869697193188282,37.96020153932422,20.35329681552854,3.2664085363736666,2.9850550349165728,0.9343492482252957,62.10563719255251,0.8269245165198469,11.120839227311775,100,45,90,1210,8300,180.0,1.4115,109.2,54.6,9.8,98.5,98.0,95.05,7.312382477599475,0.10088922182797498
178,synthetic,18.83437784053599,3.7095980931938177,11.542298112488751,37.90373117654042,21.50469570804305,2.1415122539594833,3.0936960970796115,1.2700907181588694,55.06685024681601,0.8993133793637078,11.602447326549342,100,45,90,1210,8300,180.0,1.4115,109.2,54.6,9.8,98.5,98.0,95.05,7.437633788463444,0.0957675283109914
179,synthetic,17.125513159961532,3.819117600231528,11.351704852638196,40.44540549683704,21.256201901013902,2.638956447219274,2.3605884927633847,1.002512049335146,41.854782199999995,0.9546152295302655,10.18,100,45,90,1210,8300,180.0,1.4115,109.2,54.6,9.8,98.5,98.0,95.05,7.462486844561328,0.09472178726885162
180,synthetic,17.63230045317507,2.7549677817936784,14.091136763136287,40.39954106355439,19.089135044283072,2.3951739715353586,3.022558869207889,0.6151860533142607,58.419026825207766,1.0027675427976377,11.17614920952826,100,45,90,1210,8300,180.0,1.4115,109.2,54.6,9.8,98.5,98.0,95.05,7.371220092305285,0.09538641112115068
181,synthetic,17.81931201735657,3.581560832000088,10.294242686662159,42.80951739137662,19.184992232443427,3.223851823194641,2.074280045859859,1.0122429711066272,43.58144742407904,0.9816260162751383,10.18,100,45,90,1210,8300,180.0,1.4115,109.2,54.6,9.8,98.5,98.0,95.05,7.499654668872181,0.0973894310153978
182,synthetic,16.2927858907437,3.494386677305381,10.593386835394224,41.690149963062666,21.55936001469355,3.3420928725720978,2.20457186186328,0.8232658843651046,41.854782199999995,1.1835497540319218,10.18,100,45,90,1210,8300,180.0,1.4115,109.2,54.6,9.8,98.5,98.0,95.05,7.411820565866923,0.09597056842207569
183,synthetic,19.36265874574249,3.223564006943672,14.611788192730017,40.54655613663971,15.614315679400853,2.1710287870018266,3.022595406496647,1.447493045044785,70.48228164272896,0.6356708796840932,12.583597178830702,100,45,90,1210,8300,180.0,1.4115,109.2,54.6,9.8,98.5,98.0,95.05,7.557975627978739,0.10026706790478108
184,synthetic,19.749256899579315,3.6227717003396434,14.381336165128996,40.36874867434737,15.955293878311576,2.4802414533393042,2.4051785806269788,1.0371726483268184,72.64154292668377,0.6935592172518678,12.142795934831515,100,45,90,1210,8300,180.0,1.4115,109.2,54.6,9.8,98.5,98.0,95.05,7.5116618599000216,0.09953099845698722
185,synthetic,18.134761702161345,3.0822307518670975,11.72691696584746,41.656686095263005,18.73733942905661,3.1577908112658886,2.416754751982753,1.0875194925558405,49.98391639813033,0.8914616828483679,10.491136835823323,100,45,90,1210,8300,180.0,1.4115,109.2,54.6,9.8,98.5,98.0,95.05,7.467616777181435,0.09902830382353532
186,synthetic,19.933559562241,3.187564436742269,10.463927270633697,41.4566903054379,18.934064222990074,2.1898456881859403,2.826671516307333,1.0076769974617779,51.56851271619518,0.9990788117879538,11.310243390439396,100,45,90,1210,8300,180.0,1.4115,109.2,54.6,9.8,98.5,98.0,95.05,7.488582837558308,0.09477008502558784
187,synthetic,18.617156841886434,3.8040427403177857,13.144740085813886,37.719375296175244,19.287075304772273,3.1318554431594468,2.926700501597934,1.3690537862770027,65.63408351689891,0.5489697290406667,11.964070006897602,100,45,90,1210,8300,180.0,1.4115,109.2,54.6,9.8,98.5,98.0,95.05,7.411338753160278,0.10278204417567346
188,synthetic,16.461557717149958,3.9581052656963287,13.540922433795586,41.43575654845174,19.273654029496775,2.4614427281361957,2.3290376585831747,0.5395236186902305,46.0773697632861,1.2473406755110825,10.486251567353301,100,45,90,1210,8300,180.0,1.4115,109.2,54.6,9.8,98.5,98.0,95.05,7.437831770724027,0.09370344842744295
189,synthetic,18.642409334509658,2.564762837585327,10.024286688886395,41.43497134514365,20.106465615026856,3.4233106357236878,2.8321533525000415,0.9716401906243787,46.58514472747463,0.905278399253426,10.18,100,45,90,1210,8300,180.0,1.4115,109.2,54.6,9.8,98.5,98.0,95.05,7.378657013905447,0.09915541247964149
190,synthetic,17.430226247804367,3.154204633973658,11.623218335551668,42.43752009911181,18.65199949930088,2.6467264357116727,2.6579846680448522,1.3981200805010945,49.33697413281643,0.9678546889278973,10.865448234765207,100,45,90,1210,8300,180.0,1.4115,109.2,54.6,9.8,98.5,98.0,95.05,7.554042889546882,0.09739669202255044
191,synthetic,18.82038026710645,3.244433114243854,14.596227911086128,42.986466323509056,15.228147102729102,2.1004670196979847,2.4436009412233783,0.5802773204040371,63.3282617080841,0.9919732643143995,11.901298830514541,100,45,90,1210,8300,180.0,1.4115,109.2,54.6,9.8,98.5,98.0,95.05,7.5110154585575915,0.09518667697082055
192,synthetic,16.173517445259478,3.322409976787283,12.131221015900284,41.031006562019435,20.568678683600215,2.733347452206006,2.550726924727397,1.4890919394999025,46.51337006460782,1.0364849043476139,10.313330645593952,100,45,90,1210,8300,180.0,1.4115,109.2,54.6,9.8,98.5,98.0,95.05,7.532344826811355,0.09709337386665579
193,synthetic,16.25426445827561,3.047570870327138,10.749707389670304,42.599523677589545,21.104730114025017,2.903179087750141,2.147165068153241,1.1938593342090014,41.854782199999995,1.084874644796436,10.18,100,45,90,1210,8300,180.0,1.4115,109.2,54.6,9.8,98.5,98.0,95.05,7.5217713722019655,0.09478740209545498
194,synthetic,16.648926897757512,3.8979165538449942,13.409479525335367,38.017878574620475,21.822132892757743,2.625368805078117,2.5911813306893743,0.9871154199164217,53.9047951750663,0.931181795239277,10.8256024847805,100,45,90,1210,8300,180.0,1.4115,109.2,54.6,9.8,98.5,98.0,95.05,7.396485062054331,0.09615004576644236
195,synthetic,18.82660611969318,2.6454018126839705,14.501390498077047,37.951103179239226,20.07990679505775,2.1029312856632885,2.7610317674142184,1.1316285421713177,68.56428640028764,0.9375215275690596,11.358010008949737,100,45,90,1210,8300,180.0,1.4115,109.2,54.6,9.8,98.5,98.0,95.05,7.438798722263816,0.09618847711525695
196,synthetic,18.786747163699594,3.742296778734004,13.591752815865775,38.068301584287454,19.103234066896803,2.4836949778726667,2.7670010280129222,1.4569715846307796,66.63983274442518,0.5868520589521617,11.750377772400661,100,45,90,1210,8300,180.0,1.4115,109.2,54.6,9.8,98.5,98.0,95.05,7.4894363755665925,0.09981967157036613
197,synthetic,17.93760890264437,3.4965173026513807,12.185640210999004,39.7120532910175,20.292845668201522,3.4965010885079537,2.1764282564745097,0.7024052795037623,50.77038443252026,0.9864165479348218,10.18,100,45,90,1210,8300,180.0,1.4115,109.2,54.6,9.8,98.5,98.0,95.05,7.355073449278691,0.09905347341282644
198,synthetic,18.286669808841868,3.5803240435039956,13.207736016704283,37.758972233518186,20.531702087726046,2.9371409520268874,2.5912584287909253,1.1061964288878108,63.65878743505176,0.7632709544260688,11.070867295334669,100,45,90,1210,8300,180.0,1.4115,109.2,54.6,9.8,98.5,98.0,95.05,7.39383848512364,0.09943241693508507
199,synthetic,15.505966833766662,2.90973481108828,12.636998903290657,41.62608777284697,21.11091050781195,3.0185773344319897,2.099448886319087,1.0922749504444043,41.854782199999995,1.1739101878120173,10.18,100,45,90,1210,8300,180.0,1.4115,109.2,54.6,9.8,98.5,98.0,95.05,7.480928379936815,0.09568679642538318
200,synthetic,16.108689938185496,3.6010248396830846,14.137204262543737,40.7931425281371,19.154193908129812,2.8870439146275646,2.3724505875318953,0.9462500211613094,50.191897442732596,0.9796393094026676,10.583036063148821,100,45,90,1210,8300,180.0,1.4115,109.2,54.6,9.8,98.5,98.0,95.05,7.4557859429135505,0.09754653135208913
201,lab_batch,16.64899793023373,3.7568781866828207,14.681205512645768,38.91564440405876,20.46746428391135,2.2939068100358417,2.2939068100358417,0.9419960623958806,41.854782199999995,1.015,10.23,100,45,90,1210,8300,180.0,1.4115,109.2,54.6,9.8,98.5,98.0,95.05,7.458706759553738,0.09483665202685646
202,lab_batch,16.262837371626286,2.9969700302996967,13.329866701332987,42.82657173428265,17.493825061749384,3.4599654003459963,2.9329706702932965,0.6969930300696993,58.128917875,1.234,11.56,100,45,90,1210,8300,180.0,1.4115,109.2,54.6,9.8,98.5,98.0,95.05,7.378070779292206,0.10016776232237679
203,lab_batch,17.224172241722417,3.0550305503055033,13.049130491304913,38.569385693856944,20.01220012200122,4.0080400804008045,3.3770337703377034,0.7050070500705007,60.737486775,0.9615,11.32,100,45,90,1210,8300,180.0,1.4115,109.2,54.6,9.8,98.5,98.0,95.05,7.210732767327674,0.10391111111111113
204,lab_batch,18.631000000000007,3.2090000000000005,12.299000000000003,40.477000000000004,18.641000000000005,2.9690000000000007,2.906000000000001,0.8680000000000002,46.380551174999994,1.2229999999999999,10.8,100,45,90,1210,8300,180.0,1.4115,109.2,54.6,9.8,98.5,98.0,95.05,7.390748280000002,0.09904243600000003
205,lab_batch,18.288,3.531,11.694,38.474,20.491,3.1709999999999994,3.04,1.311,61.6053753,0.9109,11.18,100,45,90,1210,8300,180.0,1.4115,109.2,54.6,9.8,98.5,98.0,95.05,7.39234254,0.10113061599999999
206,lab_batch,16.078160781607817,3.726037260372604,13.321133211332114,42.473424734247345,17.78417784177842,3.1040310403104034,2.6240262402624026,0.889008890088901,44.399607874999994,0.8562000000000001,10.27,100,45,90,1210,8300,180.0,1.4115,109.2,54.6,9.8,98.5,98.0,95.05,7.457254172541726,0.0987490814908149
207,lab_batch,17.857142857142858,2.976190476190476,11.904761904761903,44.047619047619044,17.857142857142858,2.380952380952381,2.380952380952381,0.5952380952380952,62.55662034999999,0.3249,11.63,100,45,90,1210,8300,180.0,1.4115,109.2,54.6,9.8,98.5,98.0,95.05,7.494446428571429,0.09299999999999999
208,lab_batch,17.841213202497773,3.568242640499554,13.380909901873327,38.35860838537021,19.625334522747547,3.12221231043711,2.7653880463871543,1.3380909901873328,50.602314,0.2542,10.88,100,45,90,1210,8300,180.0,1.4115,109.2,54.6,9.8,98.5,98.0,95.05,7.424946476360393,0.10163603925066905
209,lab_batch,18.57979384751133,3.2186259174587892,12.874503669835157,40.323065816387924,18.551718605863716,3.1283840693057394,2.416476156098344,0.9074319175390045,53.16184965,0.8909999999999999,10.95,100,45,90,1210,8300,180.0,1.4115,109.2,54.6,9.8,98.5,98.0,95.05,7.418381181566598,0.099545754622388
210,lab_batch,15.985772460414497,3.839818922223457,14.358901811788243,38.915554298070994,20.315673534553316,2.5363014459949675,2.833382173135414,1.2145953538191039,60.3305108,0.7612,11.32,100,45,90,1210,8300,180.0,1.4115,109.2,54.6,9.8,98.5,98.0,95.05,7.451138577043945,0.09753759485868456
211,lab_batch,20.112054295580528,4.100032840068866,11.474121030581072,42.597549931831985,16.12248350532905,2.786430085483695,2.1097256361519405,0.6976026749728821,47.98393845,0.9820000000000001,10.48,100,45,90,1210,8300,180.0,1.4115,109.2,54.6,9.8,98.5,98.0,95.05,7.501774010568532,0.09770544050474193
212,lab_batch,16.573312357839256,2.9158608803695434,13.847834146634739,39.892183288409704,19.543281996813597,3.5170693093117165,2.6052365254160867,1.1052214952053627,56.692243649999995,0.8115000000000001,11.08,100,45,90,1210,8300,180.0,1.4115,109.2,54.6,9.8,98.5,98.0,95.05,7.391768404493031,0.10147245363179992
213,lab_batch,19.08297902069984,3.5131844222208914,12.186358464578719,41.427630397029766,17.76753098987963,2.9143461684332395,2.30552727708246,0.8024432600754536,50.24927459999999,0.931,10.72,100,45,90,1210,8300,180.0,1.4115,109.2,54.6,9.8,98.5,98.0,95.05,7.454358484539993,0.09806877856957502
214,lab_batch,14.84677685784937,4.214762681830468,15.137104928569284,37.25609939231332,21.325097360016816,2.8131788921481276,3.1035069628680407,1.303472924404577,63.2725058,0.7105,11.58,100,45,90,1210,8300,180.0,1.4115,109.2,54.6,9.8,98.5,98.0,95.05,7.394314345210088,0.0996288465966542
215,lab_batch,21.299350324837576,3.1084457771114438,10.804597701149426,43.483258370814596,15.495252373813093,3.1984007996001997,2.008995502248875,0.6016991504247875,45.61072915,1.0210000000000001,10.25,100,45,90,1210,8300,180.0,1.4115,109.2,54.6,9.8,98.5,98.0,95.05,7.471423648175912,0.09914349625187406
216,lab_batch,17.229986784670217,3.6041808497857515,13.555724640583074,40.158583957390576,18.922950622722357,3.0235072684313806,2.5029033679067716,1.0021625085098713,54.456327449999996,0.8512000000000001,10.88,100,45,90,1210,8300,180.0,1.4115,109.2,54.6,9.8,98.5,98.0,95.05,7.4353781786872775,0.09920335188819031
217,lab_batch,15.294117647058828,4.032176973353444,14.891905480140776,38.21518350930116,20.615384615384617,2.6143790849673207,2.9260935143288087,1.4107591754650581,65.5280353,0.681,11.72,100,45,90,1210,8300,180.0,1.4115,109.2,54.6,9.8,98.5,98.0,95.05,7.4589116540975375,0.09882766415284064
218,lab_batch,19.76410583359898,3.28737647433854,11.874402295186485,42.046541281479115,17.038571883965574,3.0981032833917754,2.1915843162256934,0.6993146318138349,48.846923649999994,0.9615,10.55,100,45,90,1210,8300,180.0,1.4115,109.2,54.6,9.8,98.5,98.0,95.05,7.4462930148230795,0.09872962225055787
219,lab_batch,16.916574418838685,3.4416826003824093,13.293750628962467,39.76451645365805,19.927543524202477,2.727181241823488,2.8177518365703933,1.110999295562041,57.10412295,0.791,11.12,100,45,90,1210,8300,180.0,1.4115,109.2,54.6,9.8,98.5,98.0,95.05,7.434703793901581,0.09782370131830534
220,lab_batch,20.45493040541214,3.7960684288660618,11.159046300078709,41.652136658463434,16.739565793537714,2.9890302589496547,2.4111510755527212,0.7980710791395578,49.54319579999999,0.9412,10.62,100,45,90,1210,8300,180.0,1.4115,109.2,54.6,9.8,98.5,98.0,95.05,7.456002919286219,0.09937834746480417
221,lab_batch,14.47338234267304,4.289148454410342,15.480833491267095,37.413344239075144,20.949996508832655,2.9026562796125805,2.992429154239774,1.49820952988938,66.89115964999999,0.651,11.85,100,45,90,1210,8300,180.0,1.4115,109.2,54.6,9.8,98.5,98.0,95.05,7.4348053125592255,0.10076222955921521
222,lab_batch,18.356572902393808,3.032562263238494,12.59369710647215,41.11791730474732,18.337430482791973,3.324736036108648,2.327315225276054,0.9097686789715483,52.779390299999996,0.9015000000000001,10.82,100,45,90,1210,8300,180.0,1.4115,109.2,54.6,9.8,98.5,98.0,95.05,7.425380752800838,0.09996245667768194
223,lab_batch,17.62314056241068,3.7239074860605093,13.104128505002114,39.45832243000061,19.326073391171324,2.838221381267739,2.7174460033414527,1.2087602407455869,59.065452949999994,0.771,11.25,100,45,90,1210,8300,180.0,1.4115,109.2,54.6,9.8,98.5,98.0,95.05,7.452209847219147,0.09935269631031221
224,lab_batch,21.08125464068552,3.2309205113282897,10.545644277658486,43.3545383395878,16.05526680179005,3.0202083040677485,2.107122072605406,0.6050450522766951,46.29719465,1.0012,10.32,100,45,90,1210,8300,180.0,1.4115,109.2,54.6,9.8,98.5,98.0,95.05,7.47262129999398,0.09798400192651162
225,lab_batch,15.54606687515035,4.109534119156442,14.563787988132468,37.899927832571564,20.85037286504691,2.706278566273755,3.0169994386977783,1.3070323149707321,63.9589713,0.701,11.65,100,45,90,1210,8300,180.0,1.4115,109.2,54.6,9.8,98.5,98.0,95.05,7.422258860556491,0.09903962392751181
226,lab_batch,19.541266025641026,3.4054487179487176,12.029246794871794,41.27103365384615,17.53104967948718,3.2151442307692304,2.203525641025641,0.8032852564102565,50.82786694999999,0.9214999999999999,10.68,100,45,90,1210,8300,180.0,1.4115,109.2,54.6,9.8,98.5,98.0,95.05,7.437677644230769,0.099690172275641
227,lab_batch,16.316054353296426,3.5329642677403115,13.68897835933568,40.06844489179667,19.72924006039255,2.9189733266230493,2.637141419224962,1.108203321590337,57.3885158,0.8009999999999999,11.15,100,45,90,1210,8300,180.0,1.4115,109.2,54.6,9.8,98.5,98.0,95.05,7.442349330649219,0.09845763059889279
228,lab_batch,20.88162397021785,3.010325416177489,11.057928695425309,42.658318030845805,16.558796672586972,3.1106695967167384,2.016918028838917,0.7054195891909248,47.277859649999996,0.9712000000000001,10.42,100,45,90,1210,8300,180.0,1.4115,109.2,54.6,9.8,98.5,98.0,95.05,7.469274742366317,0.0986251061139709
229,lab_batch,14.160720691991868,4.404671742336667,15.745206680750984,36.876669191214575,21.426436002710567,2.8002551122095105,3.1889026188862752,1.3971379598995493,66.22430745,0.6709999999999999,11.78,100,45,90,1210,8300,180.0,1.4115,109.2,54.6,9.8,98.5,98.0,95.05,7.399735061984295,0.10013751743931118
230,lab_batch,18.953859795850505,3.3252385606755275,12.404147479368408,40.81780715631645,18.139680172509347,3.0229441460686615,2.428431797341825,0.9078908918692881,51.798725299999994,0.9115,10.78,100,45,90,1210,8300,180.0,1.4115,109.2,54.6,9.8,98.5,98.0,95.05,7.438624026360075,0.09911542809927348
231,lab_batch,17.137503022487305,3.8385588780527113,13.399693721286368,39.304424921415325,19.546425405013295,2.639638913516563,2.921737728701539,1.2120174095268799,59.63423865,0.761,11.28,100,45,90,1210,8300,180.0,1.4115,109.2,54.6,9.8,98.5,98.0,95.05,7.449651325864431,0.0985796687353913
232,lab_batch,21.45657313289908,3.0923001725702997,10.294367026104997,43.69619647078773,15.763748266815627,3.1920517910403094,1.9052559127771844,0.599507227004758,44.934070299999995,1.0312,10.18,100,45,90,1210,8300,180.0,1.4115,109.2,54.6,9.8,98.5,98.0,95.05,7.480329050663847,0.09855912577681572
233,lab_batch,14.943650193142446,4.181434431125801,15.142766118434153,37.14308470391462,21.10827924017363,2.8971367129943055,3.086296842021425,1.4973517581936202,67.49917194999999,0.641,11.88,100,45,90,1210,8300,180.0,1.4115,109.2,54.6,9.8,98.5,98.0,95.05,7.420387419855841,0.10088689418979731
234,lab_batch,19.27456980885968,3.531831635980535,12.14067124868309,41.14985200421412,17.660161541162896,3.1104199066874028,2.3277981237144436,0.8046957306978378,50.51405414999999,0.9315,10.65,100,45,90,1210,8300,180.0,1.4115,109.2,54.6,9.8,98.5,98.0,95.05,7.435165032860081,0.09931772036321677
235,lab_batch,16.60130718954249,3.6199095022624443,13.494218200100555,39.82403217697336,19.810960281548525,2.815485168426345,2.7249874308697843,1.1091000502765211,57.68271529999999,0.791,11.18,100,45,90,1210,8300,180.0,1.4115,109.2,54.6,9.8,98.5,98.0,95.05,7.439360522875819,0.09818935344394171
236,lab_batch,20.32978081640861,3.2274281118037407,11.361351297003823,42.23607480394129,16.992760908908107,3.0363965413231457,2.1114015684697374,0.7048059521415646,48.278137949999994,0.9511999999999999,10.52,100,45,90,1210,8300,180.0,1.4115,109.2,54.6,9.8,98.5,98.0,95.05,7.459821093907099,0.09827504122260207
237,lab_batch,14.726793616069212,4.275841495550142,15.542186645453192,37.002933426142306,21.182319892606774,2.694774523939741,3.182021578083827,1.3931288221548255,65.91049465,0.661,11.82,100,45,90,1210,8300,180.0,1.4115,109.2,54.6,9.8,98.5,98.0,95.05,7.409082831999206,0.09978358474618408
238,lab_batch,18.60409048901033,3.1140756218105845,12.657210591875279,40.789367943102825,18.384096114437256,3.214529674127055,2.3305340137421147,0.9060955518945636,52.49499744999999,0.9015000000000001,10.85,100,45,90,1210,8300,180.0,1.4115,109.2,54.6,9.8,98.5,98.0,95.05,7.426722927632901,0.09965302768513683
239,lab_batch,17.40503147183623,3.740422707985603,13.171918675970803,39.52379994771454,19.407967502564006,2.925975828020996,2.6142739356888622,1.210609930218996,59.34984579999999,0.771,11.22,100,45,90,1210,8300,180.0,1.4115,109.2,54.6,9.8,98.5,98.0,95.05,7.45455742353249,0.09951166569469307
240,lab_batch,17.87363012323873,3.412147244189314,12.956123800730602,40.45602344345872,18.767813415760106,3.01071815663763,2.518967524386817,1.0045762915980891,55.123179650000004,0.8412,10.92,100,45,90,1210,8300,180.0,1.4115,109.2,54.6,9.8,98.5,98.0,95.05,7.439237625948376,0.09909997189996388
241,lab_batch,15.379206428930187,4.0281265695630335,14.665996986438975,38.37769964841788,20.494224008036163,2.7322953289804124,3.0135610246107487,1.3088900050226016,64.5473703,0.6910000000000001,11.68,100,45,90,1210,8300,180.0,1.4115,109.2,54.6,9.8,98.5,98.0,95.05,7.431693862380713,0.09915500954294325
242,lab_batch,20.127849861445966,3.301287502125829,11.424455537659687,42.32450655755745,17.00763297686098,2.9011314412620925,2.2108622362721464,0.7022738868158581,48.57233745,0.9615,10.5,100,45,90,1210,8300,180.0,1.4115,109.2,54.6,9.8,98.5,98.0,95.05,7.464596742729666,0.09767808045137603
243,lab_batch,16.499924589010107,3.639837112261827,13.573978181086924,39.929616409431404,19.608868332411642,2.8253984213966117,2.714795636217385,1.2075813181841035,58.359374149999994,0.781,11.18,100,45,90,1210,8300,180.0,1.4115,109.2,54.6,9.8,98.5,98.0,95.05,7.459369513850485,0.09864527876929265
244,lab_batch,19.37373960329484,3.2105627514522785,12.170039429723793,41.24068184326434,17.7614351215499,3.1102326654693946,2.3276579948029017,0.805650590442556,51.2103263,0.9212,10.7,100,45,90,1210,8300,180.0,1.4115,109.2,54.6,9.8,98.5,98.0,95.05,7.431845622096699,0.09914889787400548
245,lab_batch,14.57196716569753,4.288806215776822,15.37985856913456,37.310619283669624,21.0460697579318,2.9123986395507724,3.0919300625367794,1.3983503057021174,66.51850695,0.661,11.82,100,45,90,1210,8300,180.0,1.4115,109.2,54.6,9.8,98.5,98.0,95.05,7.408066496444281,0.1005973269765911
246,lab_batch,21.20045979309311,3.0086461092508365,10.695187165775401,43.39247338697586,15.894847318706582,3.1985606477085318,2.009095906841921,0.6007296716477585,45.904928649999995,1.0115,10.28,100,45,90,1210,8300,180.0,1.4115,109.2,54.6,9.8,98.5,98.0,95.05,7.465156629516718,0.09880919786096255
247,lab_batch,17.218476401328367,3.7234577840394487,13.31387742779511,39.65482540002013,19.4233672134447,2.9183858307336217,2.6366106470765827,1.110999295562041,57.3885158,0.8009999999999999,11.12,100,45,90,1210,8300,180.0,1.4115,109.2,54.6,9.8,98.5,98.0,95.05,7.439470383415518,0.09908428700815133
248,lab_batch,15.768184601178348,4.115185032770925,14.352962431371763,38.24913932410595,20.67830293784063,2.6196665696419785,2.910740632935532,1.3058184701548714,63.57651194999999,0.7112,11.62,100,45,90,1210,8300,180.0,1.4115,109.2,54.6,9.8,98.5,98.0,95.05,7.443372514578796,0.0984265359175357
